ImgName,GroundTruth
train/1009_2.png,YOU
train/1017_1.png,RESCUE
train/1017_2.png,MISSION
train/1021_1.png,HOME
train/1023_1.png,BORDER
train/1023_10.png,DODA
train/1023_11.png,BATOTE
train/1023_15.png,143KM
train/1023_16.png,193KM
train/1023_17.png,315KM
train/1023_18.png,PLEASE
train/1023_2.png,ROADS
train/1023_3.png,ORGANISATION
train/1023_4.png,WISHES
train/1023_8.png,CHINGAM
train/1023_9.png,KISHTWAR
train/1026_10.png,KUMAR
train/1026_2.png,CARD
train/1026_4.png,4377
train/1026_6.png,0123
train/1035_1.png,OF
train/1035_2.png,INDIA
train/1035_3.png,STATE
train/1036_4.png,INDIA
train/1044_1.png,SAVE
train/1044_2.png,THE
train/1044_3.png,LOSE
train/1045_3.png,OF
train/1045_4.png,INDIA
train/1045_5.png,SAJITH
train/1045_6.png,ERATTUPETTA
train/1046_4.png,A
train/1046_5.png,PARTNER
train/1046_6.png,FOR
train/1046_7.png,LIFE
train/1047_4.png,INDIA
train/1048_1.png,STATE
train/1048_2.png,BANK
train/1048_3.png,OF
train/1049_3.png,OF
train/1049_4.png,INDIA
train/1049_5.png,CHARTS
train/1049_6.png,BY
train/1050_2.png,BANK
train/1050_3.png,OF
train/1050_4.png,INDIA
train/1050_5.png,CHARTS
train/1053_1.png,STATE
train/1053_2.png,BANK
train/1053_3.png,OF
train/1053_4.png,INDIA
train/1053_8.png,WWWTOPSTOCKRESEARCHCOM
train/105_1.png,IPAD
train/1062_1.png,CPM
train/1062_10.png,1025
train/1062_14.png,454
train/1062_15.png,226
train/1062_16.png,150
train/1062_2.png,COMPARISON
train/1062_3.png,1200
train/1062_7.png,400
train/1062_8.png,200
train/1062_9.png,000
train/1063_1.png,DOES
train/1063_5.png,DIRECTION
train/1063_7.png,NOTICED
train/1065_3.png,M
train/1065_5.png,197
train/1072_3.png,APPLE
train/1072_4.png,CENTER
train/1075_1.png,ORGANIC
train/108_12.png,INTERNET
train/108_5.png,SINGAPORE
train/1092_1.png,LIVE
train/1094_4.png,CREATING
train/1094_5.png,YOUR
train/1094_6.png,DREAM
train/1094_7.png,SMILE
train/1099_1.png,YOUVE
train/1099_10.png,THAT
train/1099_11.png,DRESS
train/1099_15.png,THEM
train/1099_16.png,NOW
train/1099_17.png,TURN
train/1099_18.png,LEFT
train/1099_2.png,ALWAYS
train/1099_3.png,SAID
train/1099_4.png,YOU
train/1099_8.png,DEAD
train/1099_9.png,IN
train/1100_1.png,GUILDHALL
train/1100_2.png,THEATRE
train/1102_2.png,AHEAD
train/1104_1.png,ATTRACT
train/114_2.png,CHANGE
train/117_3.png,ZEROEMISSIONS
train/122_3.png,OF
train/133_2.png,BANK
train/135_5.png,THAN
train/137_6.png,TRUTANICH
train/138_15.png,28
train/138_8.png,RIVER
train/13_2.png,ON
train/140_4.png,WWW
train/144_3.png,BE
train/149_2.png,A
train/151_7.png,SIP
train/155_5.png,ON
train/167_4.png,INDIA
train/169_7.png,ATM
train/170_8.png,THE
train/178_1.png,OTKRIJTE
train/180_1.png,CAR
train/186_1.png,ENJOY
train/187_7.png,SURE
train/192_2.png,KMPH
train/195_5.png,MANILA
train/2001_1.png,APTECH
train/2002_4.png,LTD
train/2004_1.png,RO
train/2004_2.png,REVERSE
train/2007_2.png,839
train/2007_3.png,364
train/2007_4.png,97
train/2010_1.png,5
train/2015_2.png,MADE
train/2015_3.png,THEM
train/2015_4.png,CHANGE
train/2015_5.png,WEVE
train/2017_4.png,SCALES
train/2017_5.png,CO
train/2017_6.png,SIGNTEC
train/2017_7.png,MEDIA
train/2018_1.png,06
train/2018_2.png,406
train/2019_1.png,6470
train/2022_1.png,43
train/2029_1.png,SWAYAMVARA
train/2030_1.png,HOARDING
train/2030_2.png,WORKS
train/2030_3.png,BLUSH
train/2031_4.png,HEALTH
train/2033_2.png,BANSAL
train/2033_3.png,MEMBER
train/2033_5.png,OF
train/2033_9.png,INDIA
train/2034_1.png,ONGC
train/2034_2.png,ENERGIZING
train/2034_3.png,INDIA
train/2035_1.png,7
train/2041_3.png,A52
train/2042_1.png,WARNING
train/2042_2.png,BEWARE
train/2044_2.png,MADE
train/2044_3.png,THEM
train/2044_4.png,CHANGE
train/2044_5.png,WEVE
train/2047_1.png,MBA
train/2048_1.png,ALTO
train/2048_2.png,LETS
train/2048_3.png,GO
train/2055_11.png,MAHARASHTRA
train/2055_12.png,OUR
train/2055_13.png,NEAREST
train/2055_14.png,ATM
train/2055_18.png,WE
train/2055_19.png,CAN
train/2055_20.png,ALSO
train/2055_21.png,SERVE
train/2055_25.png,SERVING
train/2055_26.png,YOU
train/2055_27.png,ALL
train/2055_28.png,THE
train/2055_32.png,NUMBERS
train/2055_33.png,ONE
train/2055_34.png,FAMILY
train/2055_35.png,ONE
train/2059_3.png,OPENING
train/2059_4.png,SHORTLY
train/205_3.png,A
train/2060_1.png,26
train/2062_1.png,52
train/2065_1.png,ON
train/2069_1.png,629
train/2073_1.png,8
train/2074_2.png,COURT
train/2078_10.png,POLICY
train/2078_11.png,UNITED
train/2078_12.png,INDIA
train/2078_13.png,INSURANCE
train/2078_3.png,FOR
train/2078_4.png,A
train/2078_5.png,SAFE
train/2078_6.png,HOUSE
train/207_10.png,PURE
train/207_3.png,OF
train/2081_5.png,RUST
train/2081_6.png,FINISH
train/2082_1.png,ALFA
train/2087_1.png,2
train/2088_2.png,7
train/2088_3.png,99
train/208_4.png,INDIA
train/2091_1.png,20
train/2092_1.png,COLBY
train/2092_12.png,AMERICA
train/2092_13.png,PAPA
train/2092_15.png,DADDYS
train/2092_5.png,17
train/2092_6.png,2001
train/2092_7.png,ZAPORIZHIA
train/2092_8.png,UKRAINE
train/2094_3.png,KNEW
train/2094_4.png,THERE
train/2094_5.png,WERE
train/2094_6.png,SO
train/2098_1.png,BEWARE
train/2098_2.png,OF
train/2098_3.png,THE
train/2098_4.png,DOG
train/209_7.png,ALL
train/2101_3.png,FRIEND
train/2101_4.png,TO
train/2101_5.png,TO
train/2102_1.png,365
train/2104_2.png,9
train/2104_3.png,7
train/2104_4.png,8
train/2105_1.png,123456
train/2105_5.png,12345
train/2105_6.png,12345
train/2105_7.png,67890
train/2105_8.png,67890
train/2110_2.png,INTO
train/2110_3.png,PARADISE
train/2114_1.png,THIS
train/2114_2.png,PHOTO
train/2114_6.png,FLICKER
train/2115_1.png,THIS
train/2115_2.png,PHOTO
train/2115_3.png,IS
train/2128_4.png,123
train/2128_6.png,REACH
train/2128_9.png,BARN
train/2129_1.png,OOPS
train/2129_5.png,WEBS
train/2129_6.png,PROVIDES
train/2129_7.png,YOUR
train/2129_8.png,IMAGE
train/2138_1.png,2930
train/2140_1.png,01234
train/2140_2.png,5678
train/2143_1.png,268
train/2156_4.png,COM
train/2157_1.png,289
train/2157_3.png,BROWN
train/2157_4.png,STONE
train/2165_3.png,EN
train/2165_4.png,ALIBABA
train/2165_5.png,COM
train/2166_1.png,125
train/2169_1.png,COFFEE
train/2169_2.png,HOUSE
train/2169_3.png,PASSAGE
train/216_6.png,AIR
train/2170_1.png,CECIL
train/2171_2.png,EXPRESS
train/2171_3.png,FEATURED
train/2171_4.png,BEST
train/2171_5.png,FREE
train/2171_9.png,MARKET
train/2173_1.png,SECTOR
train/2174_1.png,PARAMPARA
train/2174_7.png,KA
train/2174_8.png,SANGAM
train/2174_9.png,SANGAM
train/2175_1.png,KARKARIAS
train/2177_1.png,5
train/2178_1.png,21
train/2180_1.png,WWWSHUTTERSTOKCOM
train/2180_2.png,816527
train/2187_1.png,900
train/2187_2.png,CASTLE
train/2187_3.png,POINT
train/2188_1.png,319
train/218_5.png,AC
train/2192_1.png,THE
train/2192_10.png,PARTY
train/2192_11.png,VOTE
train/2192_2.png,BRIGHTER
train/2192_3.png,FUTURE
train/2192_4.png,PLAN
train/2192_8.png,BOOKS
train/2192_9.png,SOONER
train/2200_13.png,DANGER
train/2200_14.png,ONE
train/2200_16.png,300
train/2200_17.png,VOLTS
train/2200_5.png,35
train/2200_6.png,CLOSE
train/2200_8.png,TREE
train/2200_9.png,TOPS
train/2201_10.png,12
train/2201_11.png,ELMS
train/2201_3.png,CHAPEL
train/2201_4.png,ANFIELD
train/2201_5.png,405
train/2201_6.png,54
train/2202_1.png,FOR
train/2202_2.png,SOME
train/2202_6.png,ADVERTISING
train/2204_1.png,DOWNLEY
train/2204_2.png,PARK
train/2204_3.png,AN
train/2204_7.png,OPEN
train/2205_1.png,MORTON
train/2205_2.png,LUCILLE
train/2205_3.png,1911
train/2206_2.png,9349121155
train/2207_1.png,CONTACT
train/2207_2.png,9349121155
train/2209_1.png,FOX
train/220_2.png,DS
train/2220_2.png,WORLD
train/2220_3.png,OF
train/2220_4.png,POSSOBILITIES
train/2220_5.png,NOW
train/2223_1.png,SOLARMITRA
train/2223_2.png,BILL
train/2223_3.png,BOARD
train/2223_4.png,AND
train/2224_1.png,TOSHIBA
train/2224_2.png,LEADING
train/2224_3.png,INNOVATION
train/2225_1.png,30
train/2231_2.png,MADE
train/2231_3.png,EXCITING
train/2232_1.png,COPIES
train/2232_2.png,IN
train/2237_10.png,IT
train/2237_11.png,HAVE
train/2237_12.png,YOU
train/2237_13.png,DONE
train/2237_3.png,IT
train/2237_4.png,ONCE
train/2237_5.png,A
train/2237_6.png,WEEK
train/223_4.png,TEA
train/2251_3.png,ROYAL
train/2252_1.png,THANDA
train/2252_2.png,PIYO
train/2252_3.png,HAR
train/2254_10.png,ALBURY
train/2254_11.png,TALL
train/2254_12.png,TREES
train/2254_13.png,212
train/2254_2.png,ALLAMBIE
train/2254_3.png,BELZONA
train/2254_4.png,ROSEVIEW
train/2254_5.png,48
train/2255_2.png,49
train/2255_3.png,95
train/2255_4.png,183
train/2255_5.png,45
train/2256_1.png,SPARKY
train/2258_1.png,28
train/2258_2.png,113
train/2258_3.png,23
train/225_3.png,TUES
train/226_1.png,STATE
train/2271_1.png,HILLCREST
train/2271_2.png,WALK
train/2273_1.png,30
train/2273_2.png,55
train/2276_2.png,WILSONS
train/2277_1.png,BADGES
train/2278_1.png,21
train/2279_2.png,WALK
train/2281_4.png,CAN
train/2281_5.png,16
train/2281_6.png,15
train/2285_1.png,OBSERVE
train/2285_5.png,SAFETY
train/2288_1.png,FLANNERY
train/2290_1.png,HAWES
train/2290_2.png,COTTAGE
train/2292_1.png,HAZELMERR
train/2293_1.png,RIBBON
train/2293_2.png,HOUSE
train/2293_3.png,SIGNS
train/2294_4.png,STREET
train/2294_5.png,DR
train/2294_6.png,JAMES
train/2294_7.png,WAGNER
train/2297_1.png,ELTHAM
train/2297_10.png,85
train/2297_11.png,BEECHES
train/2297_2.png,DRIVE
train/2297_3.png,FORTY
train/2297_4.png,SIX
train/2298_1.png,ELTHAM
train/2298_2.png,DRIVE
train/2301_1.png,SPA
train/2301_10.png,LAKE
train/2301_2.png,SUPERVISORS
train/2301_3.png,AM
train/2301_4.png,PM
train/2301_8.png,NELSON
train/2301_9.png,SVETLANA
train/2303_1.png,ORME
train/230_8.png,THINK
train/2311_2.png,TO
train/2311_3.png,3028
train/2311_4.png,THE
train/2311_5.png,GENOAS
train/2314_10.png,TO
train/2314_11.png,VIEW
train/2314_2.png,NAME
train/2314_3.png,ADDRESS
train/2314_4.png,SIGNS
train/2314_5.png,137
train/2314_9.png,HERE
train/2315_1.png,137
train/2317_1.png,96
train/2317_2.png,BEECH
train/2317_3.png,CRESCENT
train/2318_1.png,1306
train/2319_4.png,GET
train/2319_5.png,UP
train/2319_7.png,LET
train/2323_1.png,CATCH
train/2323_2.png,THIS
train/2325_1.png,THISWAY
train/2325_2.png,CARGAINT
train/2327_4.png,HOMES
train/2327_5.png,THIS
train/2327_6.png,WAY
train/2328_1.png,BELLWAY
train/2331_1.png,2
train/2331_2.png,4
train/2331_3.png,39
train/2336_1.png,THE
train/2336_5.png,ALWAYS
train/2337_1.png,TRINITYLEEDS
train/2338_1.png,MORE
train/2338_2.png,MORE
train/2339_1.png,MORE
train/2339_2.png,SPACE
train/2339_3.png,CANNIESBURN
train/2339_4.png,WITH
train/2340_4.png,LONGACRE
train/2340_5.png,KIRKLISTON
train/2341_1.png,EVOLVE
train/2342_1.png,COPAY
train/2347_1.png,ISG
train/2347_2.png,ISG
train/2348_1.png,WATES
train/2348_2.png,WATES
train/234_1.png,STATE
train/2355_1.png,13
train/2357_1.png,39
train/2357_2.png,18
train/2357_3.png,34
train/2359_1.png,OOPS
train/2359_10.png,WWWWEBSCOM
train/2359_2.png,IMAGE
train/2359_3.png,NOT
train/2359_4.png,FOUND
train/2359_8.png,IMAGE
train/2359_9.png,HOSTING
train/2360_1.png,635
train/2362_2.png,PERFORMANCE
train/2362_3.png,EVERYWHERE
train/2362_4.png,EVERYTIME
train/2371_1.png,HEFNER
train/2381_2.png,PASSION
train/2381_3.png,FOR
train/2381_4.png,LIVING
train/2383_1.png,BPL
train/2383_5.png,MOOD
train/2383_6.png,BPL
train/2383_7.png,MOBILE
train/2383_8.png,JUKEBOX
train/2388_1.png,6
train/2389_1.png,123
train/238_4.png,1
train/2396_2.png,26
train/2396_3.png,STONES
train/2401_1.png,ROSE
train/2401_2.png,COTTAGE
train/2401_3.png,THE
train/2401_4.png,WISH
train/2404_3.png,COM
train/2405_2.png,NEST
train/2406_1.png,165
train/2408_1.png,3061
train/2412_1.png,208
train/2412_10.png,ASHLEY
train/2412_11.png,ROAD
train/2412_2.png,FARM
train/2412_3.png,SHOP
train/2412_4.png,FIFTEEN
train/2412_8.png,46
train/2412_9.png,135
train/2414_1.png,IVY
train/2414_2.png,COTTAGE
train/2415_1.png,THE
train/2415_2.png,COACH
train/2416_2.png,COTTAGE
train/2417_1.png,KAUSHAL
train/2417_2.png,KUNJ
train/2419_1.png,CHARTERED
train/2419_5.png,CAREER
train/2419_6.png,WITH
train/2419_7.png,ENDLESS
train/2419_8.png,OPPORTUNITIES
train/2421_4.png,BEFORE
train/2421_5.png,TOO
train/2421_6.png,LONG
train/2422_1.png,ARUP
train/2424_3.png,FUTURE
train/2424_4.png,IS
train/2424_5.png,FRESH
train/2424_6.png,WITH
train/2425_1.png,MIRROR
train/2427_1.png,23
train/2429_1.png,SANDY
train/2429_2.png,WINGATE
train/2433_10.png,BRIDGE
train/2433_11.png,SEA
train/2433_12.png,GREEN
train/2433_13.png,56
train/2433_3.png,CLOSE
train/2433_4.png,THE
train/2433_5.png,PRIORY
train/2433_6.png,PRIVATE
train/2446_1.png,24
train/2447_2.png,47
train/2449_1.png,10
train/2459_1.png,23
train/2459_2.png,MEADOWS
train/2459_3.png,CLOSE
train/2462_1.png,LOW
train/2462_5.png,51
train/2463_1.png,RENO
train/2463_2.png,NEVADAS
train/2464_2.png,SANKRANTHI
train/2464_3.png,REAP
train/2464_4.png,REWARDS
train/2464_5.png,THROUGHOUT
train/2470_2.png,53
train/2472_1.png,807
train/2473_1.png,2
train/2474_1.png,1
train/2482_2.png,FARM
train/2483_1.png,12
train/2486_1.png,TAKE
train/2490_1.png,39
train/2493_1.png,HEMDYKE
train/2493_2.png,HOUSE
train/2497_1.png,GELLI
train/2497_2.png,AUR
train/2497_6.png,VIEW
train/2499_1.png,280
train/2500_1.png,26
train/2501_1.png,37
train/2507_1.png,GSTAR
train/2507_2.png,RAW
train/2512_1.png,QUEENSWAY
train/2512_10.png,CRESTDOWN
train/2512_11.png,GREENSCROFT
train/2512_15.png,CARVER
train/2512_16.png,CARVED
train/2512_17.png,OAK
train/2512_18.png,SIGNS
train/2512_2.png,HOUSE
train/2512_22.png,23
train/2512_7.png,BABYS
train/2512_9.png,25
train/2513_1.png,HOLMDALE
train/2514_1.png,DUKES
train/2514_2.png,TERRACE
train/2518_1.png,THE
train/2518_2.png,STABLES
train/2519_1.png,GLENAVON
train/2520_1.png,3A
train/2523_12.png,LES
train/2523_29.png,13
train/2523_4.png,CASA
train/2523_5.png,INGHAM
train/2523_8.png,32
train/2524_11.png,19
train/2524_14.png,2
train/2524_17.png,12
train/2524_48.png,VIEW
train/2524_49.png,1
train/2525_1.png,4
train/2527_2.png,WAYS
train/2528_1.png,14
train/2528_2.png,RAY
train/2528_3.png,VIEW
train/2529_5.png,SONS
train/2529_6.png,HALL
train/2530_7.png,CASA
train/2531_1.png,17
train/2532_1.png,HERB
train/2532_2.png,COTTAGE
train/2534_1.png,CASTLE
train/2534_2.png,DARGAN
train/2535_1.png,VALIANT
train/2535_2.png,MORRIS
train/2536_3.png,PARK
train/2536_4.png,PHASE
train/2536_5.png,TWO
train/2536_6.png,NOW
train/2539_1.png,8275
train/2539_3.png,CREEK
train/2540_1.png,24
train/2540_10.png,24
train/2540_2.png,354
train/2540_6.png,324
train/2540_7.png,4
train/2540_9.png,4
train/2541_13.png,AVAILABLE
train/2541_2.png,ROMAN
train/2541_7.png,INFILL
train/2541_8.png,GOLD
train/2541_9.png,WHITE
train/2542_1.png,WILLOW
train/2542_2.png,WOOD
train/2543_1.png,THE
train/2546_1.png,12530
train/2547_1.png,37
train/2548_1.png,21
train/2551_1.png,TANTE
train/2555_1.png,CHAPEL
train/2555_2.png,CROFT
train/2556_1.png,CHAPEL
train/2556_2.png,CROFT
train/2557_4.png,COLOUR
train/2557_5.png,OUTDOOR
train/2557_6.png,ADVERTISING
train/2558_1.png,10
train/255_3.png,COM
train/2560_1.png,1
train/2561_1.png,2
train/2562_1.png,0
train/2566_1.png,708
train/2567_1.png,SEPTEMBER
train/2567_2.png,2009
train/2567_3.png,HOARDINGS
train/2568_3.png,2
train/2572_1.png,ART
train/2578_1.png,BE
train/2578_2.png,THE
train/2578_3.png,OCCUPIER
train/2578_4.png,CHIC
train/2579_1.png,I
train/2579_2.png,WILL
train/2591_4.png,EIGHT
train/2592_1.png,PROF
train/2592_2.png,FREUD
train/2592_3.png,34
train/2595_1.png,WALNUT
train/2595_2.png,HOUSE
train/2596_1.png,FLEET
train/2596_2.png,124
train/2597_1.png,THE
train/2597_11.png,3
train/2597_15.png,FARM
train/2597_16.png,COTTAGE
train/2597_2.png,OLD
train/2597_3.png,DAIRY
train/2597_4.png,STAIRS
train/2597_8.png,BARN
train/2597_9.png,2
train/2598_1.png,PENNY
train/2598_2.png,LANE
train/2599_3.png,7749
train/2599_4.png,1380
train/2600_1.png,JOHN
train/2600_2.png,G
train/2603_3.png,CLUB
train/2603_5.png,BRASSERIE
train/2606_1.png,W
train/2609_4.png,LABOUR
train/2609_5.png,VOTE
train/2609_6.png,CONSERVATIVE
train/2609_7.png,PUTTING
train/2611_10.png,IS
train/2611_11.png,NOT
train/2611_12.png,NOVEMBER
train/2611_16.png,DAY
train/2611_2.png,WORLD
train/2611_3.png,DAY
train/2611_4.png,FOR
train/2611_5.png,THE
train/2611_9.png,ABUSE
train/2612_2.png,70304
train/2615_1.png,SQUIRREL
train/2618_1.png,30
train/2621_1.png,317
train/2621_2.png,10234
train/2621_3.png,14
train/2621_7.png,57
train/2621_8.png,33
train/2622_1.png,BRASS
train/2622_2.png,SMALL
train/2622_6.png,NIGHT
train/2624_1.png,WOODLAND
train/2624_10.png,103
train/2624_11.png,VILLA
train/2624_15.png,COTTAGES
train/2624_19.png,124
train/2624_2.png,HOUSE
train/2624_20.png,GREENDALE
train/2624_23.png,WAVERLEY
train/2624_27.png,49A
train/2624_28.png,ORCHARD
train/2624_29.png,HOUSE
train/2624_3.png,2
train/2624_31.png,27
train/2624_8.png,7
train/2624_9.png,COTTAGES
train/2625_2.png,ROSE
train/2626_1.png,HOUSE
train/2626_2.png,SIGNS
train/2626_3.png,32
train/2627_1.png,212
train/2629_1.png,124
train/2631_1.png,SHIVANK
train/2631_2.png,5
train/263_2.png,93
train/272_5.png,DISPLAY
train/276_4.png,BTPUSHER
train/27_1.png,STATE
train/281_2.png,OF
train/281_9.png,900AM
train/285_2.png,ONE
train/291_2.png,DONT
train/291_9.png,FLOOR
train/295_1.png,ADVERTISE
train/30_6.png,DELIVERY
train/316_1.png,80
train/321_8.png,SIGN
train/323_4.png,BY
train/325_16.png,HOW
train/325_23.png,YOUR
train/325_9.png,LOOK
train/328_16.png,EFFECTIVELY
train/328_2.png,GENERATING
train/328_9.png,BIG
train/329_2.png,AD
train/32_2.png,FOR
train/337_1.png,SNOWY
train/34_13.png,A
train/34_20.png,THE
train/34_6.png,UFO
train/353_1.png,SHUTTERSTOCK
train/357_5.png,8839660
train/360_10.png,APPS
train/360_3.png,AH
train/367_10.png,STORES
train/367_11.png,SHOP
train/367_12.png,STORES
train/367_13.png,WELCOME
train/367_14.png,TICKET
train/367_15.png,OFFICE
train/377_1.png,COUNCIL
train/377_10.png,AUGUST
train/377_11.png,13
train/377_15.png,FLORIDA
train/377_2.png,FOR
train/377_3.png,EDUCATION
train/377_4.png,POLICY
train/377_8.png,COUNCIL
train/377_9.png,MEETING
train/37_6.png,SAVE
train/381_1.png,SPEED
train/381_2.png,LIMIT
train/381_3.png,25
train/386_2.png,A
train/386_3.png,PIRATES
train/386_4.png,OF
train/386_5.png,THE
train/386_9.png,2003
train/387_1.png,IVORY
train/389_1.png,IENOVO
train/390_1.png,ALUSTRONG
train/392_2.png,BANK
train/392_3.png,OF
train/392_4.png,INDIA
train/392_5.png,WITH
train/393_2.png,HUMP
train/393_3.png,AHEAD
train/398_1.png,STATE
train/398_2.png,BANK
train/399_2.png,BANK
train/399_3.png,OF
train/399_4.png,INDIA
train/39_1.png,NOKIA
train/403_1.png,STATE
train/403_13.png,NOVEMBER
train/403_14.png,2010
train/403_5.png,RECRUITMENT
train/403_6.png,2010
train/403_7.png,TOTAL
train/403_8.png,POST
train/405_1.png,TWO
train/405_6.png,010050
train/406_1.png,LOUD
train/406_10.png,SIGN
train/406_11.png,SPINNERS
train/406_15.png,MARKETING
train/406_16.png,PRINTING
train/406_17.png,1877
train/406_18.png,LOUD303
train/406_2.png,MEDIA
train/406_4.png,SPECIALIZING
train/406_8.png,SCOOTER
train/406_9.png,BILLBOARDS
train/411_1.png,TEXT
train/411_2.png,ROCKET
train/411_3.png,TO
train/411_5.png,FOR
train/412_4.png,SKI
train/412_5.png,FREE
train/412_6.png,CRESTED
train/412_7.png,BUTTE
train/415_5.png,ROAD
train/415_6.png,PLEASEDRIVE
train/415_7.png,WITH
train/415_8.png,CAUTION
train/418_3.png,ATM
train/419_1.png,PROFILE
train/419_10.png,BANKS
train/419_2.png,OF
train/419_3.png,THE
train/419_7.png,INDIA
train/419_8.png,AND
train/419_9.png,ASSOCIATE
train/425_1.png,ON
train/425_2.png,ON
train/425_3.png,U
train/425_4.png,OF
train/427_2.png,THE
train/427_3.png,BIG
train/431_2.png,THE
train/431_3.png,CHANGE
train/433_2.png,BANK
train/433_3.png,OF
train/433_4.png,INDIA
train/433_5.png,PURE
train/439_1.png,TELEKOM
train/439_2.png,MALAYSIA
train/439_3.png,SRI
train/439_4.png,INTAN
train/440_1.png,0800
train/440_10.png,570
train/440_11.png,FAX
train/440_15.png,TFT
train/440_16.png,TUFFIN
train/440_17.png,FERRABY
train/440_18.png,TAYLOR
train/440_2.png,7831423
train/440_3.png,SHAYLOR
train/440_4.png,SHAYLOR
train/440_8.png,01922
train/440_9.png,741
train/444_4.png,HAULS
train/444_5.png,IN
train/444_6.png,THE
train/444_7.png,REWARDS
train/455_4.png,INDIA
train/5000_4.png,IS
train/5000_5.png,ANYTHING
train/5000_6.png,BUT
train/5000_7.png,USUAL
train/5005_1.png,TAKERS
train/5006_2.png,270411
train/5007_10.png,LOGAN
train/5007_2.png,MONROE
train/5007_3.png,BUS
train/5007_7.png,BUDDY
train/5007_8.png,ADLER
train/5007_9.png,JOSHUA
train/5008_2.png,FRED
train/5008_3.png,HEPBURN
train/5008_4.png,ASTAIRE
train/5008_5.png,FUNNY
train/5009_3.png,PIECES
train/5009_4.png,FINAL
train/5009_5.png,DESTINATION
train/5009_6.png,AUGUST
train/5010_4.png,JACKSON
train/5010_5.png,VAL
train/5010_6.png,KILMER
train/5011_1.png,KEANU
train/5011_5.png,MATRIX
train/5012_1.png,FROM
train/5012_2.png,THE
train/5012_3.png,CREATOR
train/5016_1.png,LINDSAY
train/5016_2.png,LOHAN
train/5016_3.png,LABOR
train/5016_4.png,PAINS
train/5017_10.png,FRANKLIN
train/5017_11.png,RICHARD
train/5017_12.png,GERE
train/5017_16.png,WHISHAW
train/5017_17.png,ARE
train/5017_18.png,ALL
train/5017_19.png,BOB
train/5017_2.png,NOT
train/5017_3.png,THERE
train/5017_4.png,CHRISTIAN
train/5017_5.png,BALE
train/5017_9.png,CARL
train/5019_3.png,IN
train/5019_4.png,EINER
train/5019_5.png,NEUEN
train/5019_6.png,DIMENSION
train/5020_11.png,LOVE
train/5020_4.png,A
train/5020_5.png,RACIST
train/5020_6.png,OLD
train/5020_7.png,MAN
train/5022_4.png,WHOS
train/5022_5.png,PLAYING
train/5022_6.png,YOU
train/5024_10.png,FILM
train/5024_4.png,IN
train/5024_5.png,NEW
train/5024_8.png,A
train/5025_4.png,3D
train/5025_5.png,SAW
train/5025_6.png,3D
train/5026_2.png,JOVOVICH
train/5027_10.png,DANGERS
train/5027_11.png,DE
train/5027_12.png,LA
train/5027_17.png,DANGEREUX
train/5027_2.png,FREEMAN
train/5027_3.png,MALKOVICH
train/5027_4.png,MIRREN
train/5027_5.png,UNE
train/5027_9.png,LES
train/5029_2.png,BIG
train/5029_3.png,HOUSE
train/5030_1.png,DENZEL
train/5030_5.png,UNSTOPPABLE
train/5031_1.png,BILL
train/5031_2.png,MURRAY
train/5031_3.png,THE
train/5031_7.png,ZISSOU
train/5031_8.png,DECEMBER
train/5035_1.png,BLACK
train/5035_2.png,SWAN
train/5036_4.png,NO
train/5036_5.png,ONE
train/5036_6.png,CAN
train/5036_7.png,HEAR
train/5037_3.png,CHER
train/5037_4.png,CHRISTINA
train/5037_5.png,THANKSGIVING
train/5038_1.png,ABSOLUTELY
train/5039_1.png,INCEPTION
train/5040_1.png,LORD
train/5040_2.png,OF
train/5040_3.png,WAR
train/5042_10.png,GLOBE
train/5042_11.png,NOMINATIONS
train/5042_12.png,BEST
train/5042_16.png,ONE
train/5042_17.png,OF
train/5042_18.png,THE
train/5042_19.png,BEST
train/5042_2.png,5
train/5042_23.png,YEAR
train/5042_24.png,STREEP
train/5042_25.png,HOFFMAN
train/5042_26.png,ADAMS
train/5042_3.png,CRITICS
train/5042_4.png,CHOICE
train/5042_5.png,AWARD
train/5042_9.png,GOLDEN
train/5044_13.png,AFTER
train/5044_14.png,READING
train/5046_1.png,THE
train/5046_2.png,GOD
train/5046_7.png,6
train/5047_1.png,NO
train/5047_2.png,DO
train/5048_2.png,ASSEMBLY
train/5050_1.png,LA
train/5050_2.png,LEYENDA
train/5050_4.png,TIO
train/5050_5.png,BOONMEE
train/5051_11.png,WALK
train/5051_12.png,THE
train/5051_13.png,EARTH
train/5051_15.png,OF
train/5051_19.png,THERE
train/5051_21.png,NIGHT
train/5051_22.png,OF
train/5051_23.png,THE
train/5051_4.png,MORE
train/5051_5.png,ROOM
train/5051_6.png,IN
train/5051_7.png,HELL
train/5052_3.png,2
train/5053_1.png,CASINO
train/5053_2.png,JACK
train/5053_3.png,AND
train/5053_7.png,OF
train/5053_8.png,MONEY
train/5054_1.png,COMMON
train/5054_4.png,THEIR
train/5054_8.png,NO
train/5054_9.png,PRISONERS
train/5055_1.png,ONLINE
train/5055_3.png,CAN
train/5055_7.png,COM
train/5056_2.png,POINT
train/5057_2.png,MAY
train/5057_3.png,13
train/5059_6.png,THE
train/5059_7.png,SANDS
train/5059_8.png,OF
train/5059_9.png,TIME
train/5064_1.png,WAS
train/5064_2.png,SHAKESPEARE
train/5064_3.png,A
train/5064_4.png,FRAUD
train/5065_12.png,AU
train/5065_3.png,CINEMA
train/5065_4.png,ET
train/5065_5.png,EN
train/5065_6.png,3D
train/5066_1.png,127
train/5067_1.png,BRANDON
train/5067_10.png,AL
train/5067_2.png,ROUTH
train/5067_8.png,16
train/5067_9.png,MARZO
train/5068_1.png,SOMEWHERE
train/5068_5.png,TO
train/5068_6.png,PAY
train/5068_7.png,COMMANDO
train/5068_8.png,SCHWARZENEGGER
train/5069_10.png,FANTASTISK
train/5069_11.png,HELT
train/5069_8.png,MESTERLIG
train/5069_9.png,HELT
train/5071_1.png,SCHWARZENEGGER
train/5071_3.png,TERMINATOR
train/5072_1.png,IDENTITY
train/5073_1.png,TOM
train/5073_12.png,ALL
train/5073_13.png,THE
train/5073_14.png,THRILLS
train/5073_5.png,DELPY
train/5073_6.png,AN
train/5073_7.png,AMERICAN
train/5073_8.png,WEREWOLF
train/5075_1.png,WHY
train/5075_5.png,DARK
train/5075_6.png,KNIGHT
train/5075_7.png,2008
train/5076_1.png,THE
train/5077_1.png,THE
train/5077_2.png,MANCHURIAN
train/5077_3.png,CANDIDATE
train/5078_1.png,AVATAR
train/5079_5.png,IMAX
train/5079_6.png,FROM
train/5079_7.png,THE
train/5079_8.png,VISIONARY
train/507_1.png,MGM
train/507_2.png,GRAND
train/5080_1.png,IN
train/5080_10.png,ITS
train/5080_11.png,TIME
train/5080_15.png,BACK
train/5080_16.png,AFFLECK
train/5080_17.png,COOPER
train/5080_18.png,COSTNER
train/5080_2.png,AMERICA
train/5080_22.png,MEN
train/5080_3.png,WE
train/5080_4.png,GIVE
train/5080_8.png,OUR
train/5080_9.png,JOBS
train/5082_3.png,COMING
train/5084_10.png,COMING
train/5084_11.png,SOON
train/5084_2.png,CAINE
train/5084_3.png,OLDMAN
train/5084_4.png,COTILLARD
train/5084_5.png,TENNANT
train/5084_9.png,CITY
train/5085_1.png,THE
train/5085_12.png,SHOAH
train/5085_13.png,THE
train/5085_14.png,25TH
train/5085_15.png,ANNIVERSARY
train/5085_19.png,CLAUDE
train/5085_20.png,LANZMANN
train/5085_5.png,CONTEMPORARY
train/5085_6.png,HISTORY
train/5085_7.png,EVER
train/5085_8.png,MADE
train/5086_1.png,BIG
train/5086_10.png,PECC
train/5086_2.png,COPS
train/5086_6.png,VIOLENCE
train/5086_8.png,FUZZ
train/5086_9.png,SIMON
train/5088_2.png,JOHN
train/5088_3.png,MALKOVICH
train/5088_4.png,JOHN
train/5088_5.png,CUSACK
train/5088_9.png,KEENER
train/5089_1.png,EXQUISITE
train/5089_2.png,SAVAGE
train/5089_3.png,COMPASSIONATE
train/5091_10.png,MISSED
train/5091_11.png,CALL
train/5091_2.png,WILL
train/5091_3.png,IT
train/5091_4.png,SOUND
train/5091_5.png,LIKE
train/5091_9.png,ONE
train/5092_3.png,WWW
train/5094_1.png,A
train/5095_1.png,THE
train/5095_3.png,KNIGHT
train/5095_4.png,JULY
train/5096_3.png,NEVER
train/5096_4.png,UGLY
train/5096_5.png,VANESSA
train/5096_6.png,HUDGENS
train/5097_1.png,NOWHERE
train/5097_2.png,IS
train/5097_3.png,SAFE
train/5097_4.png,PART
train/5101_2.png,REZYSERIA
train/5101_3.png,ANDRIEJ
train/5101_4.png,TARKOWSKI
train/5101_5.png,CANNES
train/5103_11.png,WILLIAM
train/5103_13.png,ISABELLA
train/5103_17.png,AS
train/5103_2.png,IS
train/5103_3.png,PEACE
train/5103_4.png,FREEDOM
train/5103_5.png,IS
train/5103_9.png,STRENGTH
train/5104_3.png,GIRLS
train/5105_1.png,IN
train/5105_2.png,CINEMAS
train/5105_3.png,090909
train/5107_11.png,NOW
train/5107_4.png,BACK
train/5107_5.png,HANGOVER
train/5107_6.png,PART
train/5107_7.png,II
train/5111_1.png,MATRIX
train/5113_1.png,062708
train/5114_2.png,THE
train/5114_6.png,22
train/5115_1.png,ROBERT
train/5115_2.png,PATTINSON
train/5116_1.png,JASON
train/5116_5.png,MECHANIC
train/5116_6.png,JANUARY
train/5116_7.png,2011
train/5118_3.png,MOON
train/5119_4.png,112009
train/511_2.png,56161
train/511_3.png,TO
train/511_4.png,56161
train/511_5.png,SBI
train/511_9.png,LIFE
train/5129_1.png,DEFY
train/5129_11.png,MAY
train/5129_12.png,2010
train/5129_2.png,THE
train/5129_3.png,FUTURE
train/5129_8.png,SANDS
train/5129_9.png,OF
train/512_1.png,WWWBIGSTOCKCOM
train/512_2.png,2243502
train/5131_3.png,STALLONE
train/5131_4.png,JOHN
train/5131_5.png,RAMBO
train/5132_3.png,LAST
train/5132_7.png,WWW10STEPSSG
train/5133_1.png,BEGBIE
train/5133_2.png,DIANE
train/5133_3.png,TRAIN
train/5133_7.png,SPUD
train/5133_8.png,RENTON
train/5134_1.png,SNIADANIE
train/5134_3.png,EGO
train/5134_7.png,GEORGE
train/5134_8.png,PEPPARD
train/5135_1.png,GREM
train/5135_2.png,LINY
train/5136_2.png,ROZOWEJ
train/5136_3.png,PANTERY
train/5137_1.png,HOW
train/5137_13.png,DO
train/5137_14.png,YOU
train/5137_15.png,REMAIN
train/5137_2.png,DID
train/5137_6.png,DID
train/5137_7.png,YOU
train/5137_8.png,DIE
train/5137_9.png,IN
train/5138_1.png,YOUR
train/5138_4.png,ABOUT
train/5138_5.png,TO
train/5138_6.png,END
train/5138_8.png,UP
train/5141_1.png,THE
train/5141_2.png,WRESTLER
train/5141_3.png,BUT
train/5141_4.png,WITH
train/5142_2.png,DAWN
train/5142_3.png,CHRISTIAN
train/5142_4.png,BALE
train/5142_5.png,STEVE
train/5142_6.png,ZAHN
train/5146_1.png,COP
train/5146_2.png,VS
train/5146_3.png,COP
train/5146_5.png,YAAA
train/5147_5.png,3D
train/5147_6.png,DEC
train/5147_7.png,2010
train/5148_1.png,BORIS
train/5148_5.png,DEAR
train/5149_1.png,DEPP
train/5149_2.png,PUBLIC
train/5149_3.png,ENEMIES
train/5152_1.png,FERRELL
train/5152_2.png,FEY
train/5152_3.png,HILL
train/5152_4.png,CROSS
train/5153_3.png,CHRIS
train/5153_4.png,PINE
train/5158_1.png,TWILIGHT
train/5160_1.png,CREATION
train/5163_2.png,HAPPENING
train/5165_1.png,RIGHT
train/5165_10.png,MICHAEL
train/5165_2.png,NOW
train/5165_3.png,THE
train/5165_7.png,HERO
train/5165_8.png,SETH
train/5165_9.png,ROGEN
train/5166_1.png,LEONARDO
train/5166_2.png,DICAPRIO
train/5166_3.png,SHUTTER
train/5166_4.png,ISLAND
train/5169_3.png,REBELLION
train/5169_4.png,BEGINS
train/5170_2.png,A
train/5171_1.png,ET
train/5171_5.png,EARTH
train/5172_3.png,FERRIS
train/5172_4.png,BUELLERS
train/5172_5.png,DAY
train/5175_1.png,STAR
train/5175_2.png,TREK
train/5176_1.png,MATT
train/5176_2.png,DAMON
train/5177_2.png,SPEECH
train/5179_1.png,LAST
train/5179_2.png,SONG
train/5180_1.png,ECLIPSE
train/5181_5.png,IS
train/5181_6.png,SALT
train/5181_7.png,SUMMER
train/5183_1.png,SYLVESTER
train/5183_2.png,STALLONE
train/5183_3.png,KURT
train/5183_4.png,RUSELL
train/5184_1.png,THEYRE
train/5184_2.png,HERE
train/5184_3.png,TO
train/5184_4.png,SAVE
train/5185_1.png,INCEPTION
train/5186_1.png,SAM
train/5186_2.png,WORTHINGTON
train/5186_3.png,MACBETH
train/5186_7.png,GEOFFREY
train/5186_8.png,WRIGHT
train/5187_1.png,RIGHT
train/5187_2.png,AT
train/5189_2.png,BERGMAN
train/518_1.png,DEPOSITPHOTOS
train/5190_1.png,JAWS
train/5191_1.png,INTO
train/5192_3.png,DICAPRIO
train/5192_4.png,KATE
train/5192_5.png,WINSLET
train/5192_6.png,TITANIC
train/5196_1.png,AUDREY
train/5196_2.png,HEPBURN
train/5197_3.png,COMING
train/5199_1.png,ROBIN
train/5202_2.png,EL
train/5202_3.png,VENGADOR
train/5202_4.png,LA
train/5204_1.png,UNBORN
train/5205_2.png,DOLL
train/5207_1.png,PREMONITION
train/520_4.png,THEY
train/520_5.png,DESERVE
train/520_6.png,HIGH
train/520_7.png,DEFINITION
train/5210_1.png,TITANS
train/5212_1.png,CRAWLING
train/5212_2.png,HORROR
train/5228_10.png,ULTIMATUM
train/522_5.png,WITH
train/522_7.png,ALL
train/524_1.png,RAISINA
train/524_2.png,ROAD
train/528_4.png,INDIA
train/529_12.png,930
train/529_13.png,AM
train/529_14.png,N
train/529_15.png,VIRGINIA
train/529_19.png,EDU
train/529_20.png,019901
train/529_21.png,BLUE
train/529_23.png,SILVER
train/529_6.png,HOME
train/529_7.png,COMING
train/529_8.png,PARADE
train/530_3.png,SAFER
train/532_1.png,PANCIT
train/532_10.png,SERVIS
train/532_14.png,TEHNICKA
train/532_2.png,CENTAR
train/532_3.png,CITROEN
train/532_7.png,REZERVNITH
train/532_8.png,DELOVA
train/532_9.png,CHRONO
train/533_1.png,FOTOLIA
train/541_3.png,ATM
train/544_1.png,STATE
train/544_2.png,BANK
train/544_3.png,ATM
train/546_1.png,360
train/546_10.png,RALEIGH
train/546_11.png,COM
train/546_2.png,SHOW
train/546_3.png,OFF
train/546_4.png,NORTH
train/546_8.png,WWW
train/546_9.png,360
train/548_3.png,FREE
train/548_4.png,STOCK
train/548_5.png,IMAGES
train/548_7.png,COM
train/551_4.png,INDIA
train/552_1.png,WORLDPEIPEI
train/552_2.png,COM
train/570_1.png,EAT
train/574_2.png,THE
train/574_3.png,ROAD
train/577_1.png,CAUTION
train/584_1.png,THE
train/584_5.png,THE
train/585_1.png,ONE
train/585_2.png,LANE
train/585_3.png,ROAD
train/585_7.png,AHEAD
train/586_1.png,ALL
train/586_2.png,YOU
train/586_3.png,CAN
train/590_1.png,WILT
train/590_10.png,U
train/590_11.png,OOK
train/590_15.png,STAAN
train/590_16.png,WWWWALK2FAMENL
train/590_17.png,WILT
train/590_18.png,U
train/590_2.png,U
train/590_22.png,SPOTLIGHT
train/590_23.png,STAAN
train/590_24.png,WWWWALK2FAMENL
train/590_3.png,OOK
train/590_4.png,IN
train/590_8.png,WWWWALK2FAMENL
train/590_9.png,WILT
train/591_1.png,STATE
train/592_2.png,TAXI
train/592_3.png,INFORMATION
train/593_1.png,WIDE
train/593_2.png,STANDARD
train/594_3.png,FM
train/594_4.png,149
train/595_1.png,START
train/595_2.png,A
train/595_6.png,GATOR
train/595_7.png,COM
train/595_8.png,FREE
train/595_9.png,MONTH
train/596_2.png,AVERAGE
train/596_3.png,COST
train/596_4.png,TO
train/596_5.png,REACH
train/597_2.png,SHORT
train/597_3.png,GET
train/597_4.png,A
train/597_5.png,DIVORCE
train/598_3.png,ERECTION
train/598_4.png,HERE
train/598_5.png,TOMORROW
train/598_6.png,AT
train/599_2.png,COM
train/599_3.png,LIFES
train/599_4.png,SHORT
train/599_5.png,GET
train/600_1.png,FGALAWFRIM
train/600_2.png,COM
train/600_3.png,LIFES
train/600_4.png,SHORT
train/601_1.png,FGALAWFRIM
train/601_2.png,COM
train/601_3.png,LIFES
train/601_4.png,SHORT
train/602_1.png,U
train/602_2.png,TURN
train/603_1.png,WE
train/603_13.png,1800BUYKWIK
train/603_2.png,BUY
train/603_6.png,ANY
train/603_7.png,REASON
train/603_8.png,ANYWHERE
train/603_9.png,AMERICAS
train/604_1.png,ORTHODONTICS
train/604_2.png,IMPORTANT
train/605_1.png,FOX
train/607_1.png,RECEPTION
train/610_1.png,1
train/610_2.png,TRACK
train/610_3.png,FOUND
train/610_7.png,DONT
train/610_8.png,DRIVE
train/610_9.png,DISTRACTED
train/612_1.png,DAGMAR
train/616_10.png,COM
train/616_11.png,CLEAR
train/616_12.png,CHANNEL
train/616_3.png,PRIME
train/616_4.png,FOUND
train/616_5.png,IN
train/616_6.png,CONSECUTIVE
train/620_1.png,MOBILE
train/621_1.png,OSBORNES
train/622_1.png,P
train/622_2.png,SHIPPING
train/627_1.png,STATE
train/627_2.png,FARM
train/629_3.png,50
train/62_4.png,INDIAS
train/632_1.png,POWER
train/632_5.png,BIFUEL
train/632_6.png,CONVERSIONS
train/633_1.png,ART
train/633_2.png,ASK
train/634_2.png,RD
train/635_1.png,CANTONMENT
train/635_2.png,RD
train/639_1.png,CU
train/641_2.png,INDUSTRY
train/641_3.png,ANALYST
train/644_1.png,STATE
train/644_2.png,BANK
train/64_3.png,OF
train/652_1.png,NOW
train/652_2.png,HIRING
train/652_3.png,JOB
train/652_4.png,FAIR
train/655_4.png,DIAMOND
train/655_5.png,IDIOT
train/658_1.png,DOGS
train/658_2.png,RULE
train/666_5.png,ADVERTISE
train/666_6.png,HERE
train/666_7.png,MIDWEST
train/66_1.png,CALVIN
train/671_2.png,BANK
train/671_3.png,OF
train/671_4.png,INDIA
train/672_1.png,ADVERTISE
train/673_12.png,ON
train/673_13.png,SADLER
train/673_14.png,RD
train/673_15.png,LEFT
train/673_20.png,1472
train/673_5.png,WHY
train/673_6.png,SALAD
train/673_7.png,WHEN
train/673_8.png,YOU
train/680_1.png,YOUR
train/680_2.png,AD
train/680_3.png,HERE
train/681_4.png,INDIA
train/681_5.png,WITH
train/681_6.png,YOU
train/681_7.png,ALL
train/682_6.png,FROM
train/682_7.png,WWWCARTOONSTOCKCOM
train/683_2.png,NOW
train/683_6.png,DRIVERS
train/684_1.png,WILL
train/684_2.png,YOU
train/684_3.png,MARRY
train/685_1.png,CHECKMATE
train/685_10.png,SANTA
train/685_11.png,MONICA
train/685_16.png,SANTA
train/685_17.png,MONICA
train/685_2.png,SANTA
train/685_3.png,MONICA
train/685_4.png,BMW
train/685_8.png,12TH
train/686_1.png,LINCOLN
train/686_5.png,AVENUE
train/688_1.png,MR
train/688_2.png,SPEEDER
train/688_3.png,MEET
train/689_1.png,MR
train/689_2.png,SPEEDER
train/689_3.png,MEET
train/689_4.png,MR
train/689_7.png,POLICE
train/690_1.png,INVERTED
train/690_2.png,HAMMER
train/692_1.png,MOVCD1PLO1
train/696_1.png,MADE
train/696_5.png,OUTDOOR
train/696_7.png,CITY
train/696_8.png,MOBILE
train/696_9.png,BILLBOARDS
train/697_1.png,YOUR
train/697_10.png,200000
train/697_11.png,CARS
train/697_15.png,YOUR
train/697_16.png,BUSINESS
train/697_17.png,EVERY
train/697_18.png,DAY
train/697_2.png,CUSTOMERS
train/697_3.png,ARE
train/697_4.png,LOOKING
train/697_8.png,TO
train/697_9.png,OVER
train/699_11.png,FIRE
train/699_12.png,TELEPHONE
train/699_4.png,GAS
train/699_5.png,FOAM
train/699_6.png,INLET
train/699_7.png,FIRE
train/69_11.png,REGENCY
train/69_3.png,AN
train/6_7.png,LOANS
train/700_1.png,SLOW
train/705_1.png,MEXICO
train/710_1.png,BUY
train/710_2.png,OR
train/710_3.png,SELL
train/710_4.png,AT
train/710_8.png,PAGES
train/710_9.png,USE
train/712_10.png,IT
train/712_11.png,DIRECTLY
train/712_3.png,DRAWS
train/712_4.png,ATTENTION
train/712_8.png,BY
train/712_9.png,BRINGING
train/714_1.png,BABY
train/714_2.png,ON
train/714_3.png,BOARD
train/715_1.png,BETHLEHEM
train/715_6.png,SEASON
train/716_1.png,STATE
train/716_2.png,BANK
train/716_3.png,OF
train/717_1.png,WWWDCMOBILEADSCOM
train/717_2.png,372SIGN
train/717_3.png,SALESDCMOBILEADSCOM
train/719_1.png,ONGC
train/724_1.png,MEMORY
train/724_2.png,LANE
train/724_3.png,LEFT
train/724_4.png,150
train/726_2.png,CLEARANCE
train/726_3.png,SALE
train/726_4.png,WIBSEY
train/726_5.png,SUITE
train/728_3.png,THE
train/728_4.png,FINEST
train/728_5.png,TEA
train/731_5.png,MILTON
train/731_9.png,MAIDEN
train/732_1.png,THE
train/732_10.png,STONEY
train/732_2.png,CHILLI
train/732_3.png,PEPPER
train/732_7.png,CHUTNEYS
train/732_8.png,CHOCOLATES
train/732_9.png,SEEDS
train/735_3.png,KHAIMAH
train/738_1.png,4
train/738_2.png,UNITS
train/739_1.png,ADD
train/739_5.png,AD
train/739_6.png,CAMPAIGN
train/73_12.png,AUGUST
train/73_5.png,WRATH
train/741_5.png,RAPALA
train/745_1.png,SURVEY
train/749_1.png,RESIST
train/753_1.png,NOKIA
train/753_2.png,N72
train/753_3.png,NOKIA
train/754_3.png,SIDE
train/754_4.png,STORY
train/756_1.png,FAST
train/756_13.png,TRACK
train/756_14.png,WITH
train/756_15.png,GREAT
train/756_16.png,RESULTS
train/756_2.png,LANE
train/756_6.png,US
train/756_7.png,PUT
train/756_8.png,YOUR
train/756_9.png,MARKETING
train/768_2.png,NEW
train/771_10.png,CHILD
train/771_11.png,CARING
train/771_16.png,JOIN
train/771_17.png,US
train/771_18.png,OR
train/771_19.png,DONATE
train/771_3.png,LEAGUE
train/771_4.png,GREATER
train/771_5.png,COLLIN
train/771_9.png,10000TH
train/777_3.png,AT
train/777_4.png,YOU
train/777_5.png,FAST
train/778_1.png,HATE
train/780_2.png,SPACE
train/781_1.png,PEAS
train/781_2.png,TRAVEL
train/781_3.png,DESIGNER
train/787_1.png,HUNGRY
train/790_1.png,INTRODUCING
train/790_2.png,THE
train/790_3.png,ECO
train/791_10.png,WEVE
train/791_11.png,GOT
train/791_12.png,COSY
train/791_13.png,PET
train/791_3.png,KEEP
train/791_4.png,YOUR
train/791_5.png,PET
train/791_6.png,SNUG
train/792_1.png,THE
train/792_2.png,ULTIMATE
train/792_3.png,MOBILE
train/792_4.png,BILLBOARD
train/795_1.png,YOUR
train/795_2.png,SATISFACTION
train/795_3.png,MAKES
train/795_4.png,US
train/796_3.png,LOOK
train/799_1.png,STATE
train/799_2.png,BANK
train/799_3.png,OF
train/803_1.png,SBI
train/812_1.png,STUCK
train/812_2.png,ON
train/814_1.png,GROUND
train/817_2.png,YOU
train/817_3.png,OGO
train/819_1.png,ISNT
train/819_2.png,WORTH
train/821_2.png,NISSANSBI
train/821_3.png,STRATEGIC
train/821_4.png,TIEUP
train/824_1.png,STATE
train/825_1.png,PERSONAL
train/825_2.png,LOANS
train/826_1.png,YOURE
train/826_2.png,FASTER
train/829_1.png,STATE
train/829_2.png,BANK
train/829_3.png,ATM
train/830_1.png,IS
train/830_5.png,OR
train/830_6.png,ARE
train/830_7.png,YOU
train/830_8.png,BEING
train/833_1.png,IBRAGIMOV
train/833_2.png,BROCK
train/834_1.png,SBI
train/834_2.png,MUTUAL
train/838_3.png,OF
train/838_4.png,INDIA
train/839_1.png,ANYONE
train/839_2.png,KNOW
train/839_6.png,STATION
train/839_7.png,I
train/839_8.png,DO
train/841_1.png,STOP
train/850_1.png,TO
train/850_10.png,NAME
train/850_11.png,PASSWORD
train/850_15.png,LOGIN
train/850_16.png,RESET
train/850_17.png,TROUBLE
train/850_18.png,LOGGING
train/850_2.png,ACCESS
train/850_3.png,YOUR
train/850_4.png,ACCOUNTS
train/850_8.png,SBI
train/850_9.png,USER
train/851_4.png,INDIA
train/854_7.png,HIDLYCN
train/855_1.png,NORTH
train/855_11.png,16
train/855_12.png,TD
train/855_13.png,BANKNORTH
train/855_2.png,STATION
train/857_10.png,REPORT
train/857_11.png,TO
train/857_12.png,OFFICE
train/857_16.png,DI
train/857_17.png,KANTOR
train/857_18.png,DRINKING
train/857_19.png,WATER
train/857_2.png,SANTOMIC
train/857_23.png,PORTABLE
train/857_24.png,WATER
train/857_25.png,BUKAN
train/857_26.png,TEMPAT
train/857_3.png,METER
train/857_30.png,95M
train/857_31.png,TINGGI
train/857_32.png,MAX
train/857_33.png,95M
train/857_4.png,PIT
train/857_5.png,A
train/857_9.png,TO
train/858_10.png,CFN
train/858_3.png,FOOD
train/858_4.png,MART
train/858_5.png,DIESEL
train/858_6.png,PROPANE
train/859_1.png,FOLLOW
train/859_2.png,ASHTON
train/859_3.png,KUTCHER
train/866_1.png,HR
train/866_2.png,BLOCK
train/866_3.png,FASTER
train/866_4.png,MONEY
train/866_8.png,HOW
train/869_1.png,IF
train/873_1.png,MOBILE
train/873_2.png,BILLBOARD
train/873_6.png,ON
train/873_7.png,THE
train/873_8.png,ROAD
train/873_9.png,ADVERTISING
train/874_4.png,FOR
train/874_5.png,MAYOR
train/874_6.png,OF
train/874_7.png,RIVER
train/875_10.png,CALL
train/875_11.png,97150
train/875_12.png,8401950
train/875_3.png,PEOPLE
train/875_4.png,A
train/875_5.png,DAY
train/875_6.png,FOR
train/878_1.png,COVERAGE
train/883_3.png,ILVE
train/883_4.png,FACTORY
train/883_5.png,2ND
train/883_6.png,CLEARANCE
train/885_2.png,IN
train/885_3.png,APP
train/890_1.png,STATE
train/890_2.png,BANK
train/891_2.png,TO
train/891_3.png,MONTGOMERY
train/891_4.png,HILLS
train/891_5.png,BAPTIST
train/891_9.png,HOPES
train/893_1.png,THE
train/893_2.png,COVERUP
train/893_3.png,ABORTION
train/894_3.png,OF
train/894_4.png,INDIA
train/895_1.png,BURNS
train/895_2.png,AND
train/896_2.png,OF
train/896_3.png,DURBAN
train/896_4.png,STAD
train/896_5.png,DURBAN
train/902_10.png,ROUTE
train/902_2.png,30
train/902_3.png,KM
train/902_4.png,INVERCARGILL
train/902_5.png,162
train/902_9.png,SCENIC
train/905_1.png,ONE
train/905_2.png,DOT
train/907_1.png,BILLBOARD
train/907_10.png,HUNTINGTON
train/907_11.png,BEACH
train/907_2.png,EXPRESS
train/907_3.png,OF
train/907_4.png,OC
train/907_8.png,US
train/907_9.png,OPEN
train/909_4.png,CRESTLINE
train/909_5.png,SERIES
train/909_6.png,AMAZING
train/909_7.png,PRICES
train/912_2.png,SCREAM
train/912_3.png,CHRYSLER
train/912_4.png,CLEAR
train/912_5.png,CHANNEL
train/915_11.png,GOING
train/915_12.png,ALWAYS
train/915_13.png,READY
train/915_14.png,TO
train/915_4.png,GPS
train/915_5.png,WE
train/915_6.png,KNOW
train/915_7.png,WERE
train/916_3.png,OF
train/916_5.png,CHUTIA
train/916_6.png,BRANCH
train/917_1.png,WHY
train/919_1.png,NEXT
train/919_2.png,10
train/919_3.png,KM
train/920_1.png,HOW
train/921_1.png,JALAN
train/921_2.png,DATO
train/921_3.png,KOYAH
train/921_4.png,DATO
train/921_8.png,PPINANG
train/922_1.png,JALAN
train/922_2.png,PENANG
train/922_3.png,PENANG
train/923_4.png,P
train/924_1.png,GUINGAMP
train/924_2.png,ROSTRENEN
train/924_3.png,GUERLEDAN
train/927_1.png,1300
train/927_2.png,BLAZE
train/927_3.png,GC
train/928_1.png,PLAKATE
train/928_5.png,AN
train/931_1.png,CHECKMATE
train/931_2.png,SANTA
train/931_3.png,MONICA
train/933_3.png,OF
train/933_4.png,INDIA
train/933_5.png,SBI
train/933_6.png,GOLD
train/934_2.png,BANK
train/934_3.png,OF
train/934_4.png,INDIA
train/934_5.png,LARGEST
train/934_9.png,SERVECIES
train/936_2.png,27
train/936_3.png,PREMIUM
train/938_3.png,THE
train/938_4.png,ULTIMATE
train/938_5.png,JUST
train/938_6.png,FOR
train/940_1.png,30
train/940_2.png,BRILLIANT
train/940_3.png,AND
train/940_4.png,CREATIVE
train/943_2.png,REIGN
train/944_1.png,72
train/944_10.png,DO
train/944_14.png,NIGHT
train/944_15.png,JOB
train/944_16.png,MAID
train/944_2.png,OF
train/944_3.png,WOMEN
train/944_7.png,A
train/944_8.png,2ND
train/944_9.png,SHIFT
train/945_1.png,TAILGATE
train/945_5.png,SALES
train/949_1.png,IHOP
train/949_2.png,EXIT
train/949_3.png,VANCE
train/949_7.png,HRS
train/950_1.png,108
train/951_1.png,THREE
train/951_2.png,RIVERS
train/951_6.png,MEDICAL
train/951_7.png,CARE
train/951_8.png,JUST
train/955_1.png,LINCOLN
train/957_12.png,LOANS
train/957_14.png,ADVANCE
train/957_15.png,RETAIL
train/957_19.png,CHARGES
train/957_3.png,US
train/957_4.png,MANAGEMENT
train/957_5.png,PRODUCT
train/958_1.png,SMART
train/958_10.png,CARD
train/958_14.png,VISIT
train/958_15.png,OUR
train/958_16.png,WEBSITE
train/958_17.png,ATM
train/958_2.png,BANKING
train/958_3.png,REMITTANCES
train/958_7.png,DEPOSIT
train/958_8.png,SCHEMES
train/958_9.png,ATM
train/967_3.png,SALE
train/969_1.png,50
train/969_2.png,OFF
train/969_3.png,OUR
train/970_1.png,MADE
train/970_10.png,TARGET
train/970_11.png,AUDIENCE
train/970_15.png,CALL
train/970_16.png,7025969197
train/970_2.png,YOU
train/970_3.png,LOOK
train/970_4.png,SO
train/970_8.png,REACH
train/970_9.png,YOUR
train/971_1.png,LOS
train/971_10.png,CIUDAD
train/971_2.png,ANGELES
train/971_7.png,Y
train/971_8.png,9PM
train/971_9.png,TU
train/972_2.png,HUYGENS
train/972_3.png,ASIA
train/972_4.png,SDN
train/972_5.png,BHD
train/977_1.png,FOR
train/977_10.png,THE
train/977_11.png,AMENITIES
train/977_12.png,THEREOF
train/977_16.png,FOR
train/977_17.png,THE
train/977_18.png,EXCLUSIVE
train/977_19.png,USE
train/977_2.png,USE
train/977_25.png,PROVINCIAL
train/977_26.png,SECRETARY
train/977_27.png,VIR
train/977_28.png,GEBRUIK
train/977_33.png,PERSEEL
train/977_34.png,EN
train/977_35.png,DIE
train/977_36.png,GERIEWE
train/977_4.png,WHITE
train/977_40.png,DIE
train/977_41.png,UITSLUITLIKE
train/977_42.png,GEBRUIK
train/977_43.png,VAN
train/977_47.png,LAS
train/977_48.png,PROVINSIALE
train/977_49.png,SEKRETARIS
train/977_5.png,PERSONS
train/977_9.png,AND
train/984_1.png,JAY
train/995_1.png,THATS
train/995_2.png,CERTAINTY
train/997_6.png,INSURANCE
train/997_7.png,FOR
train/999_2.png,TO
train/999_3.png,WRITE
train/999_4.png,GREAT
train/999_5.png,COPY
